Breed,Size
Abyssinian,Small
Affenpinscher,Small
Afghan Hound,Large
Airedale Terrier,Medium
Akita,Large
Alaskan Husky,Large
Alaskan Malamute,Large
American Bulldog,Large
American Eskimo,Medium
American Foxhound,Large
American Pit Bull Terrier,Medium
American Shorthair,Small
American Staffordshire Terrier,Large
Anatol Shepherd,Large
Angora,Small
Australian Cattle Dog,Medium
Australian Kelpie,Medium
Australian Shepherd,Medium
Australian Terrier,Small
Balinese,Small
Basenji,Medium
Basset Hound,Medium
Beagle,Small
Bearded Collie,Medium
Beauceron,Large
Bedlington Terr,Small
Belgian Malinois,Large
Belgian Sheepdog,Large
Belgian Sheepdog,
Belgian Tervuren,Large
Belgian Tervuren,
Bengal,Small
Bengal,
Bernese Mountain Dog,Large
Bernese Mountain Dog,
Bernese Mountain Dog,
Bichon Frise,Small
Bichon Frise,
Bichon Frise,
Bichon Frise,
Black,N/A
Black,
Black,
Black,
Black,
Black,
Black,
Black,
Black Mouth Cur,Large
Black Mouth Cur,
Black Mouth Cur,
Black Mouth Cur,
Black Mouth Cur,
Black Mouth Cur,
Black Mouth Cur,
Black Mouth Cur,
Black Mouth Cur,
Black Mouth Cur,
Black Mouth Cur,
Black Mouth Cur,
Black Mouth Cur,
Black Mouth Cur,
Black Mouth Cur,
Black Mouth Cur,
Black Mouth Cur,
Black Mouth Cur,
Black Mouth Cur,
Bloodhound,Large
Bloodhound,
Bloodhound,
Bloodhound,
Blue Lacy,Large
Blue Lacy,
Blue Lacy,
Blue Lacy,
Blue Lacy,
Blue Lacy,
Blue Lacy,
Blue Lacy,
Blue Lacy,
Blue Lacy,
Blue Lacy,
Blue Lacy,
Blue Lacy,
Blue Lacy,
Blue Lacy,
Blue Lacy,
Bluetick Hound,Large
Bluetick Hound,
Bluetick Hound,
Boerboel,Large
Boerboel,
Bombay,Small
Border Collie,Medium
Border Collie,
Border Collie,
Border Collie,
Border Collie,
Border Collie,
Border Collie,
Border Collie,
Border Collie,
Border Collie,
Border Collie,
Border Collie,
Border Collie,
Border Collie,
Border Collie,
Border Collie,
Border Collie,
Border Collie,
Border Collie,
Border Collie,
Border Collie,
Border Collie,
Border Collie,
Border Collie,
Border Collie,
Border Collie,
Border Collie,
Border Collie,
Border Collie,
Border Collie,
Border Collie,
Border Collie,
Border Collie,
Border Collie,
Border Collie,
Border Collie,
Border Collie,
Border Collie,
Border Collie,
Border Collie,
Border Collie,
Border Collie,
Border Collie,
Border Collie,
Border Collie,
Border Collie,
Border Collie,
Border Collie,
Border Collie,
Border Collie,
Border Collie,
Border Collie,
Border Collie,
Border Collie,
Border Collie,
Border Collie,
Border Collie,
Border Terrier,Small
Border Terrier,
Border Terrier,
Border Terrier,
Border Terrier,
Border Terrier,
Border Terrier,
Border Terrier,
Border Terrier,
Border Terrier,
Border Terrier,
Border Terrier,
Border Terrier,
Border Terrier,
Border Terrier,
Border Terrier,
Border Terrier,
Border Terrier,
Border Terrier,
Border Terrier,
Border Terrier,
Border Terrier,
Border Terrier,
Border Terrier,
Border Terrier,
Border Terrier,
Border Terrier,
Border Terrier,
Border Terrier,
Borzoi,Large
Boston Terrier,Small
Boston Terrier,
Boston Terrier,
Boston Terrier,
Boston Terrier,
Boston Terrier,
Boston Terrier,
Boston Terrier,
Boston Terrier,
Boston Terrier,
Boston Terrier,
Boston Terrier,
Boston Terrier,
Boston Terrier,
Boston Terrier,
Boston Terrier,
Boston Terrier,
Boston Terrier,
Boxer,Large
Boxer,
Boxer,
Boxer,
Boxer,
Boxer,
Boxer,
Boxer,
Boxer,
Boxer,
Boxer,
Boxer,
Boxer,
Boxer,
Boxer,
Boxer,
Boxer,
Boxer,
Boxer,
Boxer,
Boxer,
Boxer,
Boxer,
Boxer,
Boxer,
Boxer,
Boxer,
Boxer,
Boxer,
Boxer,
Boxer,
Boxer,
Boxer,
Boxer,
Boxer,
Boxer,
Boxer,
Boxer,
Boxer,
Boxer,
Boxer,
Boxer,
Boxer,
Boxer,
Boxer,
Boxer,
Boxer,
Boxer,
Boxer,
Boxer,
Boykin Span,Medium
Boykin Span,
British Shorthair,Small
British Shorthair,
British Shorthair,
Brittany,Large
Brittany,
Brittany,
Brittany,
Brittany,
Brittany,
Brittany,
Brittany,
Bruss Griffon,Small
Bruss Griffon,
Bruss Griffon,
Bruss Griffon,
Bruss Griffon,
Bruss Griffon,
Bruss Griffon,
Bruss Griffon,
Bull Terrier,Medium
Bull Terrier,
Bull Terrier,
Bull Terrier,
Bull Terrier,
Bull Terrier,
Bull Terrier,
Bull Terrier,
Bull Terrier,
Bull Terrier,
Bull Terrier,
Bull Terrier,
Bull Terrier Miniature,Small
Bull Terrier Miniature,
Bulldog,Large
Bulldog,
Bulldog,
Bulldog,
Bulldog,
Bulldog,
Bulldog,
Bullmastiff,Large
Bullmastiff,
Bullmastiff,
Burmese,Small
Cairn Terrier,Small
Cairn Terrier,
Cairn Terrier,
Cairn Terrier,
Cairn Terrier,
Cairn Terrier,
Cairn Terrier,
Cairn Terrier,
Cairn Terrier,
Cairn Terrier,
Cairn Terrier,
Cairn Terrier,
Cairn Terrier,
Cairn Terrier,
Cairn Terrier,
Cairn Terrier,
Cairn Terrier,
Cairn Terrier,
Cairn Terrier,
Cairn Terrier,
Cairn Terrier,
Cairn Terrier,
Cairn Terrier,
Cairn Terrier,
Cairn Terrier,
Cairn Terrier,
Cairn Terrier,
Canaan Dog,Large
Canaan Dog,
Canaan Dog,
Canaan Dog,
Cane Corso,Large
Cane Corso,
Cane Corso,
Cardigan Welsh Corgi,Medium
Cardigan Welsh Corgi,
Cardigan Welsh Corgi,
Cardigan Welsh Corgi,
Cardigan Welsh Corgi,
Cardigan Welsh Corgi,
Cardigan Welsh Corgi,
Cardigan Welsh Corgi,
Cardigan Welsh Corgi,
Cardigan Welsh Corgi,
Cardigan Welsh Corgi,
Cardigan Welsh Corgi,
Cardigan Welsh Corgi,
Cardigan Welsh Corgi,
Cardigan Welsh Corgi,
Cardigan Welsh Corgi,
Cardigan Welsh Corgi,
Cardigan Welsh Corgi,
Cardigan Welsh Corgi,
Cardigan Welsh Corgi,
Cardigan Welsh Corgi,
Cardigan Welsh Corgi,
Cardigan Welsh Corgi,
Cardigan Welsh Corgi,
Cardigan Welsh Corgi,
Cardigan Welsh Corgi,
Cardigan Welsh Corgi,
Cardigan Welsh Corgi,
Cardigan Welsh Corgi,
Cardigan Welsh Corgi,
Cardigan Welsh Corgi,
Cardigan Welsh Corgi,
Cardigan Welsh Corgi,
Cardigan Welsh Corgi,
Carolina Dog,Medium
Carolina Dog,
Carolina Dog,
Carolina Dog,
Carolina Dog,
Carolina Dog,
Carolina Dog,
Catahoula,Large
Catahoula,
Catahoula,
Catahoula,
Catahoula,
Catahoula,
Catahoula,
Catahoula,
Catahoula,
Catahoula,
Catahoula,
Catahoula,
Catahoula,
Catahoula,
Catahoula,
Catahoula,
Catahoula,
Catahoula,
Catahoula,
Catahoula,
Catahoula,
Catahoula,
Catahoula,
Catahoula,
Catahoula,
Catahoula,
Catahoula,
Catahoula,
Catahoula,
Catahoula,
Catahoula,
Catahoula,
Catahoula,
Catahoula,
Catahoula,
Catahoula,
Catahoula,
Catahoula,
Catahoula,
Catahoula,
Cavalier Span,Small
Cavalier Span,
Cavalier Span,
Cavalier Span,
Cavalier Span,
Cavalier Span,
Cavalier Span,
Cavalier Span,
Cavalier Span,
Cavalier Span,
Cavalier Span,
Chesa Bay Retr,Large
Chesa Bay Retr,
Chesa Bay Retr,
Chihuahua Longhair,Small
Chihuahua Longhair,
Chihuahua Longhair,
Chihuahua Longhair,
Chihuahua Longhair,
Chihuahua Longhair,
Chihuahua Longhair,
Chihuahua Longhair,
Chihuahua Longhair,
Chihuahua Longhair,
Chihuahua Longhair,
Chihuahua Longhair,
Chihuahua Longhair,
Chihuahua Longhair,
Chihuahua Longhair,
Chihuahua Longhair,
Chihuahua Longhair,
Chihuahua Longhair,
Chihuahua Longhair,
Chihuahua Longhair,
Chihuahua Longhair,
Chihuahua Longhair,
Chihuahua Longhair,
Chihuahua Longhair,
Chihuahua Longhair,
Chihuahua Shorthair,Small
Chihuahua Shorthair,
Chihuahua Shorthair,
Chihuahua Shorthair,
Chihuahua Shorthair,
Chihuahua Shorthair,
Chihuahua Shorthair,
Chihuahua Shorthair,
Chihuahua Shorthair,
Chihuahua Shorthair,
Chihuahua Shorthair,
Chihuahua Shorthair,
Chihuahua Shorthair,
Chihuahua Shorthair,
Chihuahua Shorthair,
Chihuahua Shorthair,
Chihuahua Shorthair,
Chihuahua Shorthair,
Chihuahua Shorthair,
Chihuahua Shorthair,
Chihuahua Shorthair,
Chihuahua Shorthair,
Chihuahua Shorthair,
Chihuahua Shorthair,
Chihuahua Shorthair,
Chihuahua Shorthair,
Chihuahua Shorthair,
Chihuahua Shorthair,
Chihuahua Shorthair,
Chihuahua Shorthair,
Chihuahua Shorthair,
Chihuahua Shorthair,
Chihuahua Shorthair,
Chihuahua Shorthair,
Chihuahua Shorthair,
Chihuahua Shorthair,
Chihuahua Shorthair,
Chihuahua Shorthair,
Chihuahua Shorthair,
Chihuahua Shorthair,
Chihuahua Shorthair,
Chihuahua Shorthair,
Chihuahua Shorthair,
Chihuahua Shorthair,
Chihuahua Shorthair,
Chihuahua Shorthair,
Chihuahua Shorthair,
Chihuahua Shorthair,
Chihuahua Shorthair,
Chihuahua Shorthair,
Chihuahua Shorthair,
Chihuahua Shorthair,
Chihuahua Shorthair,
Chihuahua Shorthair,
Chihuahua Shorthair,
Chihuahua Shorthair,
Chihuahua Shorthair,
Chihuahua Shorthair,
Chihuahua Shorthair,
Chihuahua Shorthair,
Chihuahua Shorthair,
Chihuahua Shorthair,
Chihuahua Shorthair,
Chihuahua Shorthair,
Chihuahua Shorthair,
Chihuahua Shorthair,
Chihuahua Shorthair,
Chihuahua Shorthair,
Chihuahua Shorthair,
Chihuahua Shorthair,
Chihuahua Shorthair,
Chihuahua Shorthair,
Chihuahua Shorthair,
Chihuahua Shorthair,
Chihuahua Shorthair,
Chihuahua Shorthair,
Chihuahua Shorthair,
Chihuahua Shorthair,
Chihuahua Shorthair,
Chihuahua Shorthair,
Chihuahua Shorthair,
Chinese Crested,Medium
Chinese Crested,
Chinese Crested,
Chinese Sharpei,Large
Chinese Sharpei,
Chinese Sharpei,
Chinese Sharpei,
Chinese Sharpei,
Chinese Sharpei,
Chinese Sharpei,
Chinese Sharpei,
Chinese Sharpei,
Chinese Sharpei,
Chinese Sharpei,
Chinese Sharpei,
Chinese Sharpei,
Chinese Sharpei,
Chinese Sharpei,
Chinese Sharpei,
Chinese Sharpei,
Chinese Sharpei,
Chinese Sharpei,
Chinese Sharpei,
Chinese Sharpei,
Chinese Sharpei,
Chinese Sharpei,
Chinese Sharpei,
Chinese Sharpei,
Chinese Sharpei,
Chow Chow,Large
Chow Chow,
Chow Chow,
Chow Chow,
Chow Chow,
Chow Chow,
Chow Chow,
Chow Chow,
Chow Chow,
Chow Chow,
Chow Chow,
Chow Chow,
Chow Chow,
Chow Chow,
Chow Chow,
Chow Chow,
Chow Chow,
Chow Chow,
Chow Chow,
Chow Chow,
Chow Chow,
Chow Chow,
Chow Chow,
Chow Chow,
Chow Chow,
Chow Chow,
Chow Chow,
Chow Chow,
Cocker Spaniel,Small
Cocker Spaniel,
Cocker Spaniel,
Cocker Spaniel,
Cocker Spaniel,
Cocker Spaniel,
Cocker Spaniel,
Cocker Spaniel,
Cocker Spaniel,
Cocker Spaniel,
Cocker Spaniel,
Cocker Spaniel,
Cocker Spaniel,
Cocker Spaniel,
Cocker Spaniel,
Cocker Spaniel,
Cocker Spaniel,
Cocker Spaniel,
Cocker Spaniel,
Cocker Spaniel,
Cocker Spaniel,
Collie Rough,Large
Collie Rough,
Collie Rough,
Collie Rough,
Collie Rough,
Collie Rough,
Collie Rough,
Collie Rough,
Collie Rough,
Collie Rough,
Collie Rough,
Collie Rough,
Collie Rough,
Collie Rough,
Collie Smooth,Large
Collie Smooth,
Collie Smooth,
Collie Smooth,
Collie Smooth,
Collie Smooth,
Collie Smooth,
Collie Smooth,
Collie Smooth,
Collie Smooth,
Collie Smooth,
Collie Smooth,
Collie Smooth,
Cornish Rex,Small
Cymric,Small
Dachshund,Small
Dachshund,
Dachshund,
Dachshund,
Dachshund,
Dachshund,
Dachshund,
Dachshund,
Dachshund,
Dachshund,
Dachshund,
Dachshund,
Dachshund,
Dachshund,
Dachshund,
Dachshund,
Dachshund,
Dachshund,
Dachshund,
Dachshund,
Dachshund,
Dachshund,
Dachshund,
Dachshund,
Dachshund,
Dachshund,
Dachshund,
Dachshund,
Dachshund,
Dachshund,
Dachshund,
Dachshund,
Dachshund,
Dachshund,
Dachshund,
Dachshund,
Dachshund,
Dachshund,
Dachshund,
Dachshund,
Dachshund,
Dachshund,
Dachshund,
Dachshund,
Dachshund,
Dachshund,
Dachshund,
Dachshund,
Dachshund,
Dachshund,
Dachshund,
Dachshund,
Dachshund,
Dachshund,
Dachshund,
Dachshund,
Dachshund,
Dachshund,
Dachshund,
Dachshund,
Dachshund,
Dachshund,
Dachshund,
Dachshund,
Dachshund,
Dachshund,
Dachshund,
Dachshund,
Dachshund,
Dachshund,
Dachshund,
Dachshund,
Dachshund Longhair,Small
Dachshund Longhair,
Dachshund Longhair,
Dachshund Longhair,
Dachshund Longhair,
Dachshund Longhair,
Dachshund Longhair,
Dachshund Longhair,
Dachshund Longhair,
Dachshund Longhair,
Dachshund Longhair,
Dachshund Longhair,
Dachshund Wirehair,Small
Dachshund Wirehair,
Dachshund Wirehair,
Dachshund Wirehair,
Dachshund Wirehair,
Dachshund Wirehair,
Dachshund Wirehair,
Dachshund Wirehair,
Dachshund Wirehair,
Dachshund Wirehair,
Dachshund Wirehair,
Dachshund Wirehair,
Dachshund Wirehair,
Dachshund Wirehair,
Dachshund Wirehair,
Dachshund Wirehair,
Dachshund Wirehair,
Dachshund Wirehair,
Dalmatian,Large
Dalmatian,
Dalmatian,
Dalmatian,
Dalmatian,
Dalmatian,
Dalmatian,
Dalmatian,
Dalmatian,
Devon Rex,Small
Devon Rex,
Doberman Pinsch,Large
Doberman Pinsch,
Doberman Pinsch,
Doberman Pinsch,
Doberman Pinsch,
Doberman Pinsch,
Doberman Pinsch,
Doberman Pinsch,
Doberman Pinsch,
Doberman Pinsch,
Doberman Pinsch,
Doberman Pinsch,
Dogo Argentino,Large
Dogo Argentino,
Dogo Argentino,
Dogo Argentino,
Dogue De Bordeaux,Large
Dogue De Bordeaux,
Dogue De Bordeaux,
Domestic Longhair,Small
Domestic Longhair,
Domestic Longhair,
Domestic Longhair,
Domestic Longhair,
Domestic Longhair,
Domestic Medium Hair,Small
Domestic Medium Hair,
Domestic Medium Hair,
Domestic Medium Hair,
Domestic Shorthair,Small
Domestic Shorthair,
Domestic Shorthair,
Domestic Shorthair,
Domestic Shorthair,
Domestic Shorthair,
Domestic Shorthair,
Domestic Shorthair,
Dutch Shepherd,Large
Dutch Shepherd,
Dutch Shepherd,
English Bulldog,Medium
English Bulldog,
English Bulldog,
English Bulldog,
English Bulldog,
English Bulldog,
English Bulldog,
English Bulldog,
English Bulldog,
English Bulldog,
English Bulldog,
English Bulldog,
English Bulldog,
English Bulldog,
English Cocker Spaniel,Large
English Cocker Spaniel,
English Cocker Spaniel,
English Cocker Spaniel,
English Coonhound,Large
English Coonhound,
English Coonhound,
English Coonhound,
English Foxhound,Large
English Foxhound,
English Foxhound,
English Pointer,Large
English Pointer,
English Pointer,
English Pointer,
English Pointer,
English Setter,Large
English Setter,
English Setter,
English Setter,
English Shepherd,Large
English Shepherd,
English Springer Spaniel,Medium
English Springer Spaniel,
English Springer Spaniel,
English Springer Spaniel,
English Springer Spaniel,
Entlebucher,Medium
Exotic Shorthair,Small
Feist,Medium
Field Spaniel,Large
Finnish Spitz,Small
Finnish Spitz,
Finnish Spitz,
Finnish Spitz,
Finnish Spitz,
Finnish Spitz,
Finnish Spitz,
Flat Coat Retriever,Large
Flat Coat Retriever,
Flat Coat Retriever,
Flat Coat Retriever,
Flat Coat Retriever,
Flat Coat Retriever,
Flat Coat Retriever,
Flat Coat Retriever,
Flat Coat Retriever,
French Bulldog,Small
French Bulldog,
French Bulldog,
French Bulldog,
French Bulldog,
French Bulldog,
French Bulldog,
French Bulldog,
German Pinscher,Large
German Pinscher,
German Pinscher,
German Shepherd,Large
German Shepherd,
German Shepherd,
German Shepherd,
German Shepherd,
German Shepherd,
German Shepherd,
German Shepherd,
German Shepherd,
German Shepherd,
German Shepherd,
German Shepherd,
German Shepherd,
German Shepherd,
German Shepherd,
German Shepherd,
German Shepherd,
German Shepherd,
German Shepherd,
German Shepherd,
German Shepherd,
German Shepherd,
German Shepherd,
German Shepherd,
German Shepherd,
German Shepherd,
German Shepherd,
German Shepherd,
German Shepherd,
German Shepherd,
German Shepherd,
German Shepherd,
German Shepherd,
German Shepherd,
German Shepherd,
German Shepherd,
German Shepherd,
German Shepherd,
German Shepherd,
German Shepherd,
German Shepherd,
German Shepherd,
German Shepherd,
German Shepherd,
German Shepherd,
German Shepherd,
German Shepherd,
German Shepherd,
German Shepherd,
German Shepherd,
German Shepherd,
German Shepherd,
German Shepherd,
German Shepherd,
German Shepherd,
German Shepherd,
German Shepherd,
German Shepherd,
German Shepherd,
German Shepherd,
German Shepherd,
German Shepherd,
German Shepherd,
German Shepherd,
German Shorthair Pointer,Large
German Shorthair Pointer,
German Shorthair Pointer,
German Shorthair Pointer,
German Wirehaired Pointer,Large
German Wirehaired Pointer,
Glen Of Imaal,Medium
Glen Of Imaal,
Golden Retriever,Large
Golden Retriever,
Golden Retriever,
Golden Retriever,
Golden Retriever,
Golden Retriever,
Golden Retriever,
Golden Retriever,
Golden Retriever,
Golden Retriever,
Golden Retriever,
Golden Retriever,
Golden Retriever,
Golden Retriever,
Golden Retriever,
Golden Retriever,
Golden Retriever,
Golden Retriever,
Golden Retriever,
Golden Retriever,
Golden Retriever,
Golden Retriever,
Golden Retriever,
Golden Retriever,
Golden Retriever,
Golden Retriever,
Golden Retriever,
Golden Retriever,
Golden Retriever,
Great Dane,Large
Great Dane,
Great Dane,
Great Dane,
Great Dane,
Great Dane,
Great Dane,
Great Dane,
Great Dane,
Great Dane,
Great Dane,
Great Dane,
Great Dane,
Great Dane,
Great Dane,
Great Dane,
Great Dane,
Great Dane,
Great Dane,
Great Pyrenees,Large
Great Pyrenees,
Great Pyrenees,
Great Pyrenees,
Great Pyrenees,
Great Pyrenees,
Great Pyrenees,
Great Pyrenees,
Great Pyrenees,
Great Pyrenees,
Great Pyrenees,
Great Pyrenees,
Great Pyrenees,
Great Pyrenees,
Great Pyrenees,
Great Pyrenees,
Great Pyrenees,
Great Pyrenees,
Great Pyrenees,
Great Pyrenees,
Great Pyrenees,
Great Pyrenees,
Great Pyrenees,
Great Pyrenees,
Great Pyrenees,
Great Pyrenees,
Greater Swiss Mountain Dog,Large
Greyhound,Large
Greyhound,
Greyhound,
Greyhound,
Greyhound,
Greyhound,
Greyhound,
Greyhound,
Greyhound,
Harrier,Medium
Harrier,
Harrier,
Harrier,
Harrier,
Harrier,
Harrier,
Harrier,
Harrier,
Havana Brown,Small
Havanese,Small
Havanese,
Havanese,
Havanese,
Havanese,
Havanese,
Himalayan,Large
Himalayan,
Hovawart,Large
Ibizan Hound,Medium
Ibizan Hound,
Ibizan Hound,
Irish Setter,Large
Irish Terrier,Medium
Irish Terrier,
Irish Wolfhound,Large
Irish Wolfhound,
Irish Wolfhound,
Irish Wolfhound,
Italian Greyhound,Medium
Italian Greyhound,
Italian Greyhound,
Italian Greyhound,
Italian Greyhound,
Italian Greyhound,
Italian Greyhound,
Italian Greyhound,
Italian Greyhound,
Italian Greyhound,
Jack Russell Terrier,Small
Jack Russell Terrier,
Jack Russell Terrier,
Jack Russell Terrier,
Jack Russell Terrier,
Jack Russell Terrier,
Jack Russell Terrier,
Jack Russell Terrier,
Jack Russell Terrier,
Jack Russell Terrier,
Jack Russell Terrier,
Jack Russell Terrier,
Jack Russell Terrier,
Jack Russell Terrier,
Jack Russell Terrier,
Jack Russell Terrier,
Jack Russell Terrier,
Jack Russell Terrier,
Jack Russell Terrier,
Jack Russell Terrier,
Jack Russell Terrier,
Jack Russell Terrier,
Jack Russell Terrier,
Jack Russell Terrier,
Jack Russell Terrier,
Jack Russell Terrier,
Jack Russell Terrier,
Jack Russell Terrier,
Jack Russell Terrier,
Jack Russell Terrier,
Jack Russell Terrier,
Jack Russell Terrier,
Jack Russell Terrier,
Jack Russell Terrier,
Jack Russell Terrier,
Jack Russell Terrier,
Jack Russell Terrier,
Jack Russell Terrier,
Jack Russell Terrier,
Jack Russell Terrier,
Jack Russell Terrier,
Jack Russell Terrier,
Jack Russell Terrier,
Jack Russell Terrier,
Jack Russell Terrier,
Jack Russell Terrier,
Jack Russell Terrier,
Japanese Bobtail,Small
Japanese Bobtail,
Japanese Chin,Small
Japanese Chin,
Javanese,Small
Jindo,Medium
Keeshond,Medium
Keeshond,
Keeshond,
Kuvasz,Large
Labrador Retriever,Large
Labrador Retriever,
Labrador Retriever,
Labrador Retriever,
Labrador Retriever,
Labrador Retriever,
Labrador Retriever,
Labrador Retriever,
Labrador Retriever,
Labrador Retriever,
Labrador Retriever,
Labrador Retriever,
Labrador Retriever,
Labrador Retriever,
Labrador Retriever,
Labrador Retriever,
Labrador Retriever,
Labrador Retriever,
Labrador Retriever,
Labrador Retriever,
Labrador Retriever,
Labrador Retriever,
Labrador Retriever,
Labrador Retriever,
Labrador Retriever,
Labrador Retriever,
Labrador Retriever,
Labrador Retriever,
Labrador Retriever,
Labrador Retriever,
Labrador Retriever,
Labrador Retriever,
Labrador Retriever,
Labrador Retriever,
Labrador Retriever,
Labrador Retriever,
Labrador Retriever,
Labrador Retriever,
Labrador Retriever,
Labrador Retriever,
Labrador Retriever,
Labrador Retriever,
Labrador Retriever,
Labrador Retriever,
Labrador Retriever,
Labrador Retriever,
Labrador Retriever,
Labrador Retriever,
Labrador Retriever,
Labrador Retriever,
Labrador Retriever,
Labrador Retriever,
Labrador Retriever,
Labrador Retriever,
Labrador Retriever,
Labrador Retriever,
Labrador Retriever,
Labrador Retriever,
Labrador Retriever,
Labrador Retriever,
Labrador Retriever,
Labrador Retriever,
Labrador Retriever,
Labrador Retriever,
Labrador Retriever,
Labrador Retriever,
Labrador Retriever,
Labrador Retriever,
Labrador Retriever,
Labrador Retriever,
Labrador Retriever,
Labrador Retriever,
Labrador Retriever,
Labrador Retriever,
Labrador Retriever,
Labrador Retriever,
Labrador Retriever,
Labrador Retriever,
Labrador Retriever,
Labrador Retriever,
Labrador Retriever,
Labrador Retriever,
Labrador Retriever,
Labrador Retriever,
Labrador Retriever,
Labrador Retriever,
Labrador Retriever,
Labrador Retriever,
Labrador Retriever,
Labrador Retriever,
Labrador Retriever,
Labrador Retriever,
Labrador Retriever,
Labrador Retriever,
Labrador Retriever,
Labrador Retriever,
Labrador Retriever,
Labrador Retriever,
Labrador Retriever,
Labrador Retriever,
Labrador Retriever,
Labrador Retriever,
Labrador Retriever,
Labrador Retriever,
Labrador Retriever,
Labrador Retriever,
Labrador Retriever,
Labrador Retriever,
Labrador Retriever,
Labrador Retriever,
Labrador Retriever,
Labrador Retriever,
Labrador Retriever,
Labrador Retriever,
Labrador Retriever,
Labrador Retriever,
Labrador Retriever,
Labrador Retriever,
Labrador Retriever,
Labrador Retriever,
Landseer,Large
Leonberger,Large
Leonberger,
Lhasa Apso,Small
Lhasa Apso,
Lhasa Apso,
Lhasa Apso,
Lhasa Apso,
Lhasa Apso,
Lhasa Apso,
Lhasa Apso,
Lhasa Apso,
Lhasa Apso,
Lhasa Apso,
Lhasa Apso,
Lhasa Apso,
Lhasa Apso,
Lhasa Apso,
Lhasa Apso,
Lhasa Apso,
Lowchen,Small
Maine Coon,Small
Maine Coon,
Maltese,Small
Maltese,
Maltese,
Maltese,
Maltese,
Maltese,
Maltese,
Maltese,
Maltese,
Maltese,
Maltese,
Maltese,
Maltese,
Maltese,
Maltese,
Maltese,
Maltese,
Maltese,
Maltese,
Maltese,
Manchester Terrier,Small
Manchester Terrier,
Manchester Terrier,
Manchester Terrier,
Manchester Terrier,
Manchester Terrier,
Manchester Terrier,
Manchester Terrier,
Manchester Terrier,
Manchester Terrier,
Manchester Terrier,
Manx,Small
Manx,
Manx,
Manx,
Manx,
Mastiff,Large
Mastiff,
Mastiff,
Mastiff,
Mastiff,
Mastiff,
Mastiff,
Mastiff,
Mastiff,
Mastiff,
Mastiff,
Mastiff,
Mastiff,
Mastiff,
Mastiff,
Mexican Hairless,Medium
Miniature Pinscher,Small
Miniature Pinscher,
Miniature Pinscher,
Miniature Pinscher,
Miniature Pinscher,
Miniature Pinscher,
Miniature Pinscher,
Miniature Pinscher,
Miniature Pinscher,
Miniature Pinscher,
Miniature Poodle,Small
Miniature Poodle,
Miniature Poodle,
Miniature Poodle,
Miniature Poodle,
Miniature Poodle,
Miniature Poodle,
Miniature Poodle,
Miniature Poodle,
Miniature Poodle,
Miniature Poodle,
Miniature Poodle,
Miniature Poodle,
Miniature Poodle,
Miniature Poodle,
Miniature Poodle,
Miniature Poodle,
Miniature Poodle,
Miniature Poodle,
Miniature Poodle,
Miniature Poodle,
Miniature Poodle,
Miniature Poodle,
Miniature Poodle,
Miniature Poodle,
Miniature Poodle,
Miniature Poodle,
Miniature Poodle,
Miniature Poodle,
Miniature Poodle,
Miniature Poodle,
Miniature Poodle,
Miniature Poodle,
Miniature Poodle,
Miniature Poodle,
Miniature Poodle,
Miniature Poodle,
Miniature Schnauzer,Small
Miniature Schnauzer,
Miniature Schnauzer,
Miniature Schnauzer,
Miniature Schnauzer,
Miniature Schnauzer,
Miniature Schnauzer,
Miniature Schnauzer,
Miniature Schnauzer,
Miniature Schnauzer,
Miniature Schnauzer,
Miniature Schnauzer,
Miniature Schnauzer,
Miniature Schnauzer,
Miniature Schnauzer,
Miniature Schnauzer,
Miniature Schnauzer,
Miniature Schnauzer,
Miniature Schnauzer,
Miniature Schnauzer,
Miniature Schnauzer,
Miniature Schnauzer,
Miniature Schnauzer,
Miniature Schnauzer,
Miniature Schnauzer,
Miniature Schnauzer,
Miniature Schnauzer,
Miniature Schnauzer,
Miniature Schnauzer,
Miniature Schnauzer,
Munchkin Longhair,N/A
Neapolitan Mastiff,Large
Neapolitan Mastiff,
Newfoundland,Large
Newfoundland,
Newfoundland,
Newfoundland,
Newfoundland,
Newfoundland,
Newfoundland,
Norfolk Terrier,Small
Norfolk Terrier,
Norfolk Terrier,
Norfolk Terrier,
Norfolk Terrier,
Norfolk Terrier,
Norfolk Terrier,
Norfolk Terrier,
Norfolk Terrier,
Norfolk Terrier,
Norfolk Terrier,
Norfolk Terrier,
Norwegian Elkhound,Large
Norwegian Forest Cat,Small
Norwich Terrier,Small
Norwich Terrier,
Norwich Terrier,
Norwich Terrier,
Nova Scotia Duck Tolling Retriever,Large
Nova Scotia Duck Tolling Retriever,
Nova Scotia Duck Tolling Retriever,
Nova Scotia Duck Tolling Retriever,
Nova Scotia Duck Tolling Retriever,
Ocicat,Small
Old English Bulldog,Large
Old English Sheepdog,Large
Otterhound,Large
Papillon,Small
Papillon,
Papillon,
Papillon,
Papillon,
Papillon,
Papillon,
Papillon,
Papillon,
Papillon,
Papillon,
Papillon,
Papillon,
Parson Russell Terrier,Small
Parson Russell Terrier,
Parson Russell Terrier,
Parson Russell Terrier,
Parson Russell Terrier,
Parson Russell Terrier,
Parson Russell Terrier,
Parson Russell Terrier,
Parson Russell Terrier,
Patterdale Terr,Small
Patterdale Terr,
Pbgv,Medium
Pbgv,
Pbgv,
Pbgv,
Pekingese,Small
Pekingese,
Pekingese,
Pekingese,
Pekingese,
Pekingese,
Pekingese,
Pekingese,
Pekingese,
Pekingese,
Pekingese,
Pekingese,
Pekingese,
Pembroke Welsh Corgi,Medium
Pembroke Welsh Corgi,
Pembroke Welsh Corgi,
Pembroke Welsh Corgi,
Pembroke Welsh Corgi,
Pembroke Welsh Corgi,
Pembroke Welsh Corgi,
Pembroke Welsh Corgi,
Pembroke Welsh Corgi,
Pembroke Welsh Corgi,
Pembroke Welsh Corgi,
Pembroke Welsh Corgi,
Pembroke Welsh Corgi,
Pembroke Welsh Corgi,
Pembroke Welsh Corgi,
Pembroke Welsh Corgi,
Pembroke Welsh Corgi,
Pembroke Welsh Corgi,
Pembroke Welsh Corgi,
Persian,Small
Persian,
Persian,
Pharaoh Hound,Large
Pharaoh Hound,
Pharaoh Hound,
Pharaoh Hound,
Picardy Sheepdog,Large
Pit Bull,Large
Pit Bull,
Pit Bull,
Pit Bull,
Pit Bull,
Pit Bull,
Pit Bull,
Pit Bull,
Pit Bull,
Pit Bull,
Pit Bull,
Pit Bull,
Pit Bull,
Pit Bull,
Pit Bull,
Pit Bull,
Pit Bull,
Pit Bull,
Pit Bull,
Pit Bull,
Pit Bull,
Pit Bull,
Pit Bull,
Pit Bull,
Pit Bull,
Pit Bull,
Pit Bull,
Pit Bull,
Pit Bull,
Pit Bull,
Pit Bull,
Pit Bull,
Pit Bull,
Pit Bull,
Pit Bull,
Pit Bull,
Pit Bull,
Pit Bull,
Pit Bull,
Pit Bull,
Pit Bull,
Pit Bull,
Pit Bull,
Pit Bull,
Pit Bull,
Pit Bull,
Pit Bull,
Pit Bull,
Pit Bull,
Pit Bull,
Pit Bull,
Pit Bull,
Pit Bull,
Pit Bull,
Pit Bull,
Pit Bull,
Pit Bull,
Pit Bull,
Pit Bull,
Pit Bull,
Pit Bull,
Pit Bull,
Pit Bull,
Pit Bull,
Pit Bull,
Pit Bull,
Pit Bull,
Pit Bull,
Pit Bull,
Pit Bull,
Pit Bull,
Pit Bull,
Pit Bull,
Pit Bull,
Pit Bull,
Pit Bull,
Pit Bull,
Pit Bull,
Pit Bull,
Pit Bull,
Pit Bull,
Pit Bull,
Pit Bull,
Pixiebob Shorthair,Small
Plott Hound,Large
Plott Hound,
Plott Hound,
Plott Hound,
Plott Hound,
Plott Hound,
Plott Hound,
Plott Hound,
Plott Hound,
Plott Hound,
Plott Hound,
Plott Hound,
Plott Hound,
Plott Hound,
Plott Hound,
Plott Hound,
Plott Hound,
Plott Hound,
Podengo Pequeno,Medium
Pointer,Large
Pointer,
Pointer,
Pointer,
Pointer,
Pointer,
Pointer,
Pointer,
Pointer,
Pointer,
Pointer,
Pointer,
Pointer,
Pointer,
Pointer,
Pointer,
Pointer,
Pointer,
Pointer,
Pointer,
Pointer,
Pointer,
Pointer,
Pointer,
Pointer,
Pointer,
Pointer,
Pointer,
Pointer,
Pointer,
Pointer,
Pointer,
Pointer,
Pointer,
Pointer,
Pointer,
Pointer,
Pointer,
Pomeranian,Small
Pomeranian,
Pomeranian,
Pomeranian,
Pomeranian,
Pomeranian,
Pomeranian,
Pomeranian,
Pomeranian,
Pomeranian,
Pomeranian,
Pomeranian,
Pomeranian,
Pomeranian,
Pomeranian,
Pomeranian,
Port Water Dog,Medium
Presa Canario,Large
Presa Canario,
Pug,Small
Pug,
Pug,
Pug,
Pug,
Pug,
Pug,
Pug,
Pug,
Pug,
Pug,
Pug,
Pug,
Pug,
Pug,
Pug,
Pug,
Pug,
Pug,
Pug,
Pug,
Pug,
Pug,
Queensland Heeler,Medium
Queensland Heeler,
Queensland Heeler,
Queensland Heeler,
Queensland Heeler,
Queensland Heeler,
Queensland Heeler,
Queensland Heeler,
Queensland Heeler,
Queensland Heeler,
Queensland Heeler,
Queensland Heeler,
Queensland Heeler,
Queensland Heeler,
Queensland Heeler,
Queensland Heeler,
Queensland Heeler,
Queensland Heeler,
Queensland Heeler,
Queensland Heeler,
Ragdoll,Small
Ragdoll,
Ragdoll,
Rat Terrier,Small
Rat Terrier,
Rat Terrier,
Rat Terrier,
Rat Terrier,
Rat Terrier,
Rat Terrier,
Rat Terrier,
Rat Terrier,
Rat Terrier,
Rat Terrier,
Rat Terrier,
Rat Terrier,
Rat Terrier,
Rat Terrier,
Rat Terrier,
Rat Terrier,
Rat Terrier,
Rat Terrier,
Rat Terrier,
Rat Terrier,
Rat Terrier,
Rat Terrier,
Rat Terrier,
Rat Terrier,
Redbone Hound,Large
Redbone Hound,
Redbone Hound,
Redbone Hound,
Redbone Hound,
Redbone Hound,
Redbone Hound,
Redbone Hound,
Redbone Hound,
Redbone Hound,
Redbone Hound,
Rex,Small
Rhod Ridgeback,Large
Rhod Ridgeback,
Rhod Ridgeback,
Rhod Ridgeback,
Rhod Ridgeback,
Rhod Ridgeback,
Rhod Ridgeback,
Rhod Ridgeback,
Rhod Ridgeback,
Rhod Ridgeback,
Rhod Ridgeback,
Rhod Ridgeback,
Rhod Ridgeback,
Rhod Ridgeback,
Rhod Ridgeback,
Rottweiler,Large
Rottweiler,
Rottweiler,
Rottweiler,
Rottweiler,
Rottweiler,
Rottweiler,
Rottweiler,
Rottweiler,
Rottweiler,
Rottweiler,
Rottweiler,
Rottweiler,
Rottweiler,
Rottweiler,
Rottweiler,
Rottweiler,
Rottweiler,
Rottweiler,
Rottweiler,
Russian Blue,Large
Russian Blue,
Russian Blue,
Saluki,Medium
Saluki,
Saluki,
Samoyed,Large
Schipperke,Small
Schipperke,
Schipperke,
Schipperke,
Schipperke,
Schnauzer Giant,Large
Schnauzer Giant,
Scottish Terrier,Small
Scottish Terrier,
Scottish Terrier,
Scottish Terrier,
Scottish Terrier,
Scottish Terrier,
Sealyham Terr,Small
Shetland Sheepdog,Large
Shetland Sheepdog,
Shetland Sheepdog,
Shetland Sheepdog,
Shetland Sheepdog,
Shetland Sheepdog,
Shetland Sheepdog,
Shetland Sheepdog,
Shetland Sheepdog,
Shetland Sheepdog,
Shetland Sheepdog,
Shetland Sheepdog,
Shetland Sheepdog,
Shetland Sheepdog,
Shetland Sheepdog,
Shetland Sheepdog,
Shiba Inu,Small
Shiba Inu,
Shiba Inu,
Shiba Inu,
Shiba Inu,
Shih Tzu,Small
Shih Tzu,
Shih Tzu,
Shih Tzu,
Shih Tzu,
Shih Tzu,
Shih Tzu,
Shih Tzu,
Shih Tzu,
Shih Tzu,
Shih Tzu,
Shih Tzu,
Shih Tzu,
Shih Tzu,
Shih Tzu,
Shih Tzu,
Shih Tzu,
Shih Tzu,
Shih Tzu,
Shih Tzu,
Shih Tzu,
Shih Tzu,
Shih Tzu,
Shih Tzu,
Siamese,Small
Siamese,
Siamese,
Siamese,
Siamese,
Siamese,
Siberian Husky,Large
Siberian Husky,
Siberian Husky,
Siberian Husky,
Siberian Husky,
Siberian Husky,
Siberian Husky,
Siberian Husky,
Siberian Husky,
Siberian Husky,
Siberian Husky,
Siberian Husky,
Siberian Husky,
Siberian Husky,
Siberian Husky,
Siberian Husky,
Siberian Husky,
Siberian Husky,
Siberian Husky,
Siberian Husky,
Siberian Husky,
Silky Terrier,Small
Silky Terrier,
Skye Terrier,Medium
Skye Terrier,
Skye Terrier,
Smooth Fox Terrier,Small
Smooth Fox Terrier,
Snowshoe,Small
Snowshoe,
Snowshoe,
Soft Coated Wheaten Terrier,Medium
Soft Coated Wheaten Terrier,
Soft Coated Wheaten Terrier,
Soft Coated Wheaten Terrier,
Soft Coated Wheaten Terrier,
Soft Coated Wheaten Terrier,
Soft Coated Wheaten Terrier,
Spanish Mastiff,Large
Spanish Water Dog,Medium
Sphynx,Small
Spinone Italiano,Large
St. Bernard Rough Coat,Large
St. Bernard Rough Coat,
St. Bernard Rough Coat,
St. Bernard Rough Coat,
St. Bernard Rough Coat,
St. Bernard Rough Coat,
St. Bernard Rough Coat,
St. Bernard Smooth Coat,Large
St. Bernard Smooth Coat,
St. Bernard Smooth Coat,
St. Bernard Smooth Coat,
Staffordshire,Large
Staffordshire,
Staffordshire,
Staffordshire,
Staffordshire,
Staffordshire,
Staffordshire,
Staffordshire,
Staffordshire,
Staffordshire,
Staffordshire,
Staffordshire,
Staffordshire,
Staffordshire,
Staffordshire,
Staffordshire,
Staffordshire,
Staffordshire,
Staffordshire,
Staffordshire,
Standard Poodle,Large
Standard Poodle,
Standard Poodle,
Standard Poodle,
Standard Poodle,
Standard Poodle,
Standard Poodle,
Standard Poodle,
Standard Poodle,
Standard Poodle,
Standard Poodle,
Standard Schnauzer,Medium
Standard Schnauzer,
Standard Schnauzer,
Standard Schnauzer,
Standard Schnauzer,
Standard Schnauzer,
Standard Schnauzer,
Swedish Vallhund,Medium
Swedish Vallhund,
Swedish Vallhund,
Swiss Hound,Small
Tan Hound,Large
Tan Hound,
Tan Hound,
Tan Hound,
Tan Hound Mix,Large
Tibetan Spaniel,Small
Tibetan Spaniel,
Tibetan Terrier,Medium
Tibetan Terrier,
Tonkinese,Small
Toy Fox Terrier,Small
Toy Fox Terrier,
Toy Fox Terrier,
Toy Fox Terrier,
Toy Poodle,Small
Toy Poodle,
Toy Poodle,
Toy Poodle,
Toy Poodle,
Toy Poodle,
Toy Poodle,
Toy Poodle,
Toy Poodle,
Treeing Cur,Large
Treeing Tennesse Brindle,Large
Treeing Walker Coonhound,Large
Treeing Walker Coonhound,
Treeing Walker Coonhound,
Treeing Walker Coonhound,
Turkish Van,Small
Unknown,
Vizsla,Large
Vizsla,
Vizsla,
Vizsla,
Vizsla,
Vizsla,
Vizsla,
Vizsla,
Vizsla,
Weimaraner,Large
Weimaraner,
Weimaraner,
Weimaraner,
Weimaraner,
Weimaraner,
Welsh Springer Spaniel,Medium
Welsh Springer Spaniel,
Welsh Terrier,Small
Welsh Terrier,
Welsh Terrier,
West Highland,Small
West Highland,
West Highland,
West Highland,
West Highland,
West Highland,
West Highland,
West Highland,
Whippet,Medium
Whippet,
Whippet,
Whippet,
Whippet,
Whippet,
Whippet,
Whippet,
Whippet,
Whippet,
Whippet,
Whippet,
Whippet,
Whippet,
Whippet,
Whippet,
Whippet,
Whippet,
Whippet,
Whippet,
Whippet,
Whippet,
Whippet,
Whippet,
Wire Hair Fox Terrier,Medium
Wire Hair Fox Terrier,
Wire Hair Fox Terrier,
Wire Hair Fox Terrier,
Wire Hair Fox Terrier,
Wire Hair Fox Terrier,
Wirehaired Pointing Griffon,Large
Yorkshire Terrier,Small
